name,building_type_name,osm_id,geometry,lat,lon
building_0,railway_subway_entrance,N412182737,POINT (-2.93431 43.2631551),43.2631551,-2.93431
building_1,railway_subway_entrance,N412183223,POINT (-2.9280532 43.2620126),43.2620126,-2.9280532
building_2,railway_subway_entrance,N482329037,POINT (-2.921633 43.2586228),43.2586228,-2.921633
building_3,railway_subway_entrance,N482482838,POINT (-2.9134248 43.2538346),43.2538346,-2.9134248
building_4,railway_subway_entrance,N482482839,POINT (-2.9131365 43.2554699),43.2554699,-2.9131365
building_5,railway_subway_entrance,N482482840,POINT (-2.9147211 43.2540666),43.2540666,-2.9147211
building_6,railway_subway_entrance,N506170042,POINT (-2.9114436 43.2506056),43.2506056,-2.9114436
building_7,railway_subway_entrance,N506170049,POINT (-2.9105707 43.2507365),43.2507365,-2.9105707
building_8,railway_subway_entrance,N510562751,POINT (-2.94272 43.2606628),43.2606628,-2.94272
building_9,railway_subway_entrance,N559203040,POINT (-2.9198909 43.2602464),43.2602464,-2.9198909
building_10,railway_subway_entrance,N560562265,POINT (-2.9277874 43.261338),43.261338,-2.9277874
building_11,railway_subway_entrance,N571803298,POINT (-2.9621471 43.2799418),43.2799418,-2.9621471
building_12,railway_subway_entrance,N571803299,POINT (-2.9618836 43.2800193),43.2800193,-2.9618836
building_13,railway_subway_entrance,N571803300,POINT (-2.9629953 43.2814585),43.2814585,-2.9629953
building_14,railway_subway_entrance,N571803301,POINT (-2.9624547 43.2814367),43.2814367,-2.9624547
building_15,railway_subway_entrance,N571803302,POINT (-2.9626287 43.2813449),43.2813449,-2.9626287
building_16,railway_subway_entrance,N571805608,POINT (-2.9494558 43.2718219),43.2718219,-2.9494558
building_17,railway_subway_entrance,N571807589,POINT (-2.9481923 43.2625437),43.2625437,-2.9481923
building_18,railway_subway_entrance,N571807591,POINT (-2.9461016 43.2627294),43.2627294,-2.9461016
building_19,railway_subway_entrance,N571809293,POINT (-2.9423379 43.2612436),43.2612436,-2.9423379
building_20,railway_subway_entrance,N571811758,POINT (-2.9345259 43.2626209),43.2626209,-2.9345259
building_21,railway_subway_entrance,N571811759,POINT (-2.933751 43.2626609),43.2626609,-2.933751
building_22,railway_subway_entrance,N571811762,POINT (-2.9325297 43.261957),43.261957,-2.9325297
building_23,amenity_place_of_worship,N603714638,POINT (-2.9151798 43.2567944),43.2567944,-2.9151798
building_24,amenity_place_of_worship,N610953374,POINT (-2.9109833 43.2654928),43.2654928,-2.9109833
building_25,amenity_place_of_worship,N620032721,POINT (-2.9120957 43.2631793),43.2631793,-2.9120957
building_26,railway_subway_entrance,N652111388,POINT (-2.9494092 43.2705875),43.2705875,-2.9494092
building_27,amenity_place_of_worship,N707156296,POINT (-2.9480119 43.274857),43.274857,-2.9480119
building_28,amenity_place_of_worship,N1048012605,POINT (-2.9338091 43.2484729),43.2484729,-2.9338091
building_29,railway_subway_entrance,N1492351351,POINT (-2.9281878 43.2614269),43.2614269,-2.9281878
building_30,amenity_school,N1759584097,POINT (-2.9510542 43.2722245),43.2722245,-2.9510542
building_31,railway_subway_entrance,N1851625175,POINT (-2.9400076 43.2608046),43.2608046,-2.9400076
building_32,amenity_place_of_worship,N1892943135,POINT (-2.9132959 43.2558594),43.2558594,-2.9132959
building_33,amenity_school,N2280741197,POINT (-2.9098373 43.2556644),43.2556644,-2.9098373
building_34,amenity_place_of_worship,N2326472794,POINT (-2.9432415 43.2627187),43.2627187,-2.9432415
building_35,amenity_place_of_worship,N2809991335,POINT (-2.933757 43.2655074),43.2655074,-2.933757
building_36,tourism_hostel,N3004608569,POINT (-2.9545458 43.2687748),43.2687748,-2.9545458
building_37,amenity_community_centre,N3066705390,POINT (-2.9746744 43.277338),43.277338,-2.9746744
building_38,amenity_school,N3248077509,POINT (-2.934158 43.2597891),43.2597891,-2.934158
building_39,tourism_hostel,N3837244786,POINT (-2.9253554 43.2578183),43.2578183,-2.9253554
building_40,amenity_place_of_worship,N3954126240,POINT (-2.9372656 43.2627521),43.2627521,-2.9372656
building_41,railway_subway_entrance,N4060532211,POINT (-2.899233 43.2586152),43.2586152,-2.899233
building_42,railway_subway_entrance,N4060532212,POINT (-2.9062238 43.2586207),43.2586207,-2.9062238
building_43,railway_subway_entrance,N4060532213,POINT (-2.9195766 43.2677621),43.2677621,-2.9195766
building_44,railway_subway_entrance,N4060532214,POINT (-2.9131204 43.2641221),43.2641221,-2.9131204
building_45,railway_subway_entrance,N4060532215,POINT (-2.9078566 43.2595093),43.2595093,-2.9078566
building_46,railway_subway_entrance,N4060532216,POINT (-2.9067392 43.2579448),43.2579448,-2.9067392
building_47,railway_subway_entrance,N4060532217,POINT (-2.8980592 43.2581194),43.2581194,-2.8980592
building_48,railway_subway_entrance,N4060532218,POINT (-2.8998266 43.2586896),43.2586896,-2.8998266
building_49,railway_subway_entrance,N4060532220,POINT (-2.9000251 43.2594633),43.2594633,-2.9000251
building_50,railway_subway_entrance,N4060532221,POINT (-2.9213161 43.2670957),43.2670957,-2.9213161
building_51,railway_subway_entrance,N4060532222,POINT (-2.9180824 43.2665934),43.2665934,-2.9180824
building_52,railway_subway_entrance,N4060532223,POINT (-2.9203559 43.2681579),43.2681579,-2.9203559
building_53,railway_subway_entrance,N4060532226,POINT (-2.9134062 43.2648881),43.2648881,-2.9134062
building_54,railway_subway_entrance,N4060532227,POINT (-2.9149249 43.2648784),43.2648784,-2.9149249
building_55,tourism_hostel,N4267974389,POINT (-2.9280257 43.255786),43.255786,-2.9280257
building_56,railway_subway_entrance,N4456565174,POINT (-2.9221643 43.2599587),43.2599587,-2.9221643
building_57,railway_subway_entrance,N4458552191,POINT (-2.9495871 43.2626804),43.2626804,-2.9495871
building_58,railway_subway_entrance,N4508853267,POINT (-2.9205809 43.2655628),43.2655628,-2.9205809
building_59,amenity_community_centre,N4520491591,POINT (-2.917769 43.2535977),43.2535977,-2.917769
building_60,railway_subway_entrance,N4523538788,POINT (-2.925084 43.2689464),43.2689464,-2.925084
building_61,tourism_hostel,N4534865592,POINT (-2.9315768 43.2669773),43.2669773,-2.9315768
building_62,railway_subway_entrance,N4541079485,POINT (-2.9419025 43.2540911),43.2540911,-2.9419025
building_63,railway_subway_entrance,N4541084182,POINT (-2.9438461 43.2547373),43.2547373,-2.9438461
building_64,amenity_school,N4634394695,POINT (-2.920449 43.2571197),43.2571197,-2.920449
building_65,amenity_school,N4634471354,POINT (-2.9204423 43.2571227),43.2571227,-2.9204423
building_66,amenity_school,N4708209443,POINT (-2.9196631 43.2579938),43.2579938,-2.9196631
building_67,amenity_community_centre,N4708423670,POINT (-2.9223392 43.2562643),43.2562643,-2.9223392
building_68,amenity_school,N4714910719,POINT (-2.9260208 43.2618414),43.2618414,-2.9260208
building_69,tourism_hostel,N4737897756,POINT (-2.93537 43.2616418),43.2616418,-2.93537
building_70,amenity_school,N4757644627,POINT (-2.9325122 43.2481224),43.2481224,-2.9325122
building_71,amenity_place_of_worship,N4757644648,POINT (-2.9337821 43.2483414),43.2483414,-2.9337821
building_72,amenity_community_centre,N4844234121,POINT (-2.9228383 43.2587801),43.2587801,-2.9228383
building_73,tourism_hostel,N4847061832,POINT (-2.9190096 43.2593563),43.2593563,-2.9190096
building_74,railway_subway_entrance,N4879362987,POINT (-2.9274814 43.2608021),43.2608021,-2.9274814
building_75,amenity_community_centre,N4896680970,POINT (-2.9454718 43.2536856),43.2536856,-2.9454718
building_76,railway_subway_entrance,N4904749312,POINT (-2.9305713 43.2502989),43.2502989,-2.9305713
building_77,railway_subway_entrance,N4944875063,POINT (-2.9525533 43.2594993),43.2594993,-2.9525533
building_78,railway_subway_entrance,N4944875070,POINT (-2.9537148 43.2600187),43.2600187,-2.9537148
building_79,railway_subway_entrance,N4952944847,POINT (-2.9487299 43.2718668),43.2718668,-2.9487299
building_80,railway_subway_entrance,N4952944853,POINT (-2.9135495 43.2648405),43.2648405,-2.9135495
building_81,railway_subway_entrance,N5044373236,POINT (-2.9408038 43.2599287),43.2599287,-2.9408038
building_82,tourism_hostel,N5056090690,POINT (-2.9315688 43.2556034),43.2556034,-2.9315688
building_83,tourism_hostel,N5056378492,POINT (-2.9439545 43.2581798),43.2581798,-2.9439545
building_84,railway_subway_entrance,N5299547436,POINT (-2.958025 43.2744156),43.2744156,-2.958025
building_85,railway_subway_entrance,N5299959445,POINT (-2.9276065 43.2608615),43.2608615,-2.9276065
building_86,railway_subway_entrance,N5299959446,POINT (-2.9275115 43.2609173),43.2609173,-2.9275115
building_87,railway_subway_entrance,N5299959447,POINT (-2.9271124 43.2605927),43.2605927,-2.9271124
building_88,railway_subway_entrance,N5299959448,POINT (-2.9270819 43.2606099),43.2606099,-2.9270819
building_89,railway_subway_entrance,N5302324517,POINT (-2.9208691 43.2668121),43.2668121,-2.9208691
building_90,railway_subway_entrance,N5316602475,POINT (-2.9260197 43.268795),43.268795,-2.9260197
building_91,railway_subway_entrance,N5316602476,POINT (-2.9260049 43.2686847),43.2686847,-2.9260049
building_92,railway_subway_entrance,N5318330528,POINT (-2.9200627 43.2741801),43.2741801,-2.9200627
building_93,tourism_hostel,N5552087740,POINT (-2.9125486 43.2595488),43.2595488,-2.9125486
building_94,amenity_community_centre,N5702888919,POINT (-2.9385299 43.2532538),43.2532538,-2.9385299
building_95,railway_subway_entrance,N5923164459,POINT (-2.9055002 43.2470028),43.2470028,-2.9055002
building_96,railway_subway_entrance,N5923164463,POINT (-2.9058799 43.2470897),43.2470897,-2.9058799
building_97,railway_subway_entrance,N6139261848,POINT (-2.9489264 43.2614654),43.2614654,-2.9489264
building_98,amenity_place_of_worship,N6178510177,POINT (-2.9159313 43.2644773),43.2644773,-2.9159313
building_99,amenity_place_of_worship,N6612828074,POINT (-2.9188197 43.2594381),43.2594381,-2.9188197
building_100,amenity_community_centre,N6777788085,POINT (-2.9597383 43.2672525),43.2672525,-2.9597383
building_101,amenity_community_centre,N6983084986,POINT (-2.9746927 43.2739283),43.2739283,-2.9746927
building_102,amenity_place_of_worship,N8894270302,POINT (-2.9466821 43.2542534),43.2542534,-2.9466821
building_103,tourism_hostel,N9423152961,POINT (-2.9271323 43.2616305),43.2616305,-2.9271323
building_104,amenity_place_of_worship,N9652033547,POINT (-2.9604807 43.2685894),43.2685894,-2.9604807
building_105,amenity_place_of_worship,N10265549875,POINT (-2.9104282 43.2563979),43.2563979,-2.9104282
building_106,amenity_community_centre,N10539847381,POINT (-2.9011188 43.2604388),43.2604388,-2.9011188
building_107,amenity_place_of_worship,N10585123305,POINT (-2.9375073 43.2710612),43.2710612,-2.9375073
building_108,amenity_place_of_worship,N10585141905,POINT (-2.9376418 43.2704473),43.2704473,-2.9376418
building_109,amenity_place_of_worship,N10646887705,POINT (-2.9192088 43.2737192),43.2737192,-2.9192088
building_110,amenity_place_of_worship,N11668868453,POINT (-2.9279267 43.2558175),43.2558175,-2.9279267
building_111,tourism_hostel,N11907017769,POINT (-2.9352735 43.2554201),43.2554201,-2.9352735
building_112,tourism_hostel,N11975964770,POINT (-2.9467999 43.2722749),43.2722749,-2.9467999
building_113,amenity_community_centre,N12035542894,POINT (-2.9469505 43.2692724),43.2692724,-2.9469505
building_114,tourism_hostel,N12038252591,POINT (-2.93319 43.2585706),43.2585706,-2.93319
building_115,tourism_hostel,N12051758935,POINT (-2.9052972 43.2600409),43.2600409,-2.9052972
building_116,amenity_place_of_worship,W28463782,"POLYGON ((-2.9140917 43.2589166, -2.9140954 43.2589017, -2.9140861 43.2589012, -2.9140889 43.2588826, -2.9141128 43.2588844, -2.9141286 43.258874, -2.9141322 43.2588614, -2.9141399 43.2588611, -2.9141669 43.2587285, -2.9141604 43.2587272, -2.9141631 43.2587142, -2.91415 43.2587008, -2.9141249 43.2586986, -2.9141287 43.2586818, -2.9141405 43.2586823, -2.9141434 43.258667, -2.9141316 43.258665, -2.9141373 43.258641, -2.913737 43.2585984, -2.9137305 43.2586391, -2.9136489 43.2586309, -2.9136511 43.2586154, -2.9136337 43.2586133, -2.9136319 43.2586294, -2.9135526 43.258621, -2.9135398 43.2586105, -2.9135246 43.2586141, -2.9133498 43.2585954, -2.9133478 43.2586156, -2.9133364 43.2586149, -2.9133342 43.2586256, -2.9133451 43.258628, -2.9133366 43.2586732, -2.9133262 43.2586726, -2.9133244 43.2586834, -2.9133351 43.2586856, -2.9133256 43.2587305, -2.9133157 43.2587305, -2.9133145 43.258741, -2.9133244 43.2587423, -2.9133167 43.2587878, -2.9133062 43.2587877, -2.9133055 43.2587999, -2.913322 43.2588013, -2.9133244 43.2587948, -2.9134264 43.2588026, -2.9134191 43.2588348, -2.9134865 43.2588416, -2.9134925 43.2588463, -2.9135111 43.2588384, -2.9135896 43.2588477, -2.9135854 43.2588643, -2.9136032 43.2588661, -2.9136062 43.2588497, -2.9136857 43.258859, -2.9136827 43.2588749, -2.9136981 43.2588765, -2.9137017 43.2588658, -2.9137598 43.2588709, -2.9137584 43.2588824, -2.9137752 43.2588842, -2.913779 43.2588677, -2.9138563 43.2588752, -2.9138538 43.258892, -2.9138719 43.2588932, -2.9138745 43.2588777, -2.913953 43.2588857, -2.9139492 43.2589022, -2.9139676 43.2589041, -2.9139712 43.2588873, -2.9140722 43.2588973, -2.9140685 43.2589144, -2.9140917 43.2589166))",43.258742002354,-2.9137569131998373
building_117,amenity_place_of_worship,W28757167,"POLYGON ((-2.9280816 43.2636631, -2.9280976 43.2634666, -2.9278058 43.2634476, -2.9276445 43.2634375, -2.9275947 43.2634336, -2.9275733 43.2634314, -2.9275707 43.2634894, -2.9275637 43.2636443, -2.9280816 43.2636631))",43.26355123404385,-2.9278258860861373
building_118,amenity_place_of_worship,W40111841,"POLYGON ((-2.9144575 43.253709, -2.913711 43.2538253, -2.9135055 43.2531813, -2.9141631 43.2530815, -2.9142557 43.2530675, -2.9142764 43.2531582, -2.9137808 43.2532333, -2.9138021 43.2533041, -2.9138885 43.25329, -2.9139085 43.2533551, -2.9138221 43.2533681, -2.9138481 43.2534505, -2.9143504 43.2533803, -2.9144575 43.253709))",43.25348558282735,-2.913954059983779
building_119,amenity_place_of_worship,W40111977,"POLYGON ((-2.9165378 43.2511013, -2.9165791 43.2510778, -2.9165414 43.2510209, -2.9165748 43.2510102, -2.9166269 43.251091, -2.9165469 43.2511401, -2.9165251 43.2511239, -2.9164494 43.2511778, -2.9164435 43.2511782, -2.9164229 43.2511625, -2.9162429 43.2512244, -2.916128 43.2513124, -2.9160877 43.2512839, -2.9161178 43.251262, -2.9160459 43.2511919, -2.9160046 43.251141, -2.9159755 43.2510968, -2.9159528 43.2510489, -2.9159387 43.2510001, -2.9159093 43.2509498, -2.9158849 43.2509079, -2.9158833 43.2508999, -2.9158859 43.2508938, -2.9158931 43.2508874, -2.9159027 43.2508847, -2.9159542 43.2508851, -2.9159702 43.2508936, -2.9159862 43.2508752, -2.9160184 43.2508712, -2.9161868 43.250863, -2.9161861 43.2508731, -2.9162257 43.2508708, -2.9162132 43.2507339, -2.9163305 43.2507274, -2.9163444 43.2509016, -2.9163717 43.2509012, -2.9164599 43.2510449, -2.9165378 43.2511013))",43.25102796813039,-2.916214065107912
building_120,amenity_school,W40286949,"POLYGON ((-2.9175022 43.2567294, -2.9170709 43.2564574, -2.9162414 43.2559343, -2.9163452 43.255752, -2.9166129 43.2559044, -2.9169108 43.2556767, -2.917142 43.2557597, -2.9174446 43.2559488, -2.9179428 43.2562602, -2.9181059 43.2563621, -2.9177633 43.2566305, -2.9176554 43.2565785, -2.9175022 43.2567294))",43.256180874898334,-2.917204164189735
building_121,amenity_school,W40287021,"POLYGON ((-2.9178729 43.2570503, -2.9175543 43.2568451, -2.9177087 43.2567147, -2.9180296 43.2569201, -2.9178729 43.2570503))",43.25688259609332,-2.9177915810643356
building_122,amenity_school,W40321136,"POLYGON ((-2.9181059 43.2563621, -2.918691 43.2558796, -2.9186478 43.2554278, -2.9185007 43.2553083, -2.9179415 43.2552524, -2.9178601 43.2553616, -2.9176006 43.255324, -2.9173428 43.2558202, -2.917142 43.2557597, -2.9174446 43.2559488, -2.9179428 43.2562602, -2.9181059 43.2563621))",43.25574751809479,-2.9180492404331626
building_123,amenity_school,W40347954,"POLYGON ((-2.9173173 43.2509433, -2.9166835 43.2511473, -2.9164674 43.2508641, -2.9164226 43.2506938, -2.9169944 43.2506283, -2.9170958 43.2507987, -2.917282 43.2508714, -2.9173173 43.2509433))",43.25086874686762,-2.9168277398567413
building_124,amenity_school,W40347964,"POLYGON ((-2.9178864 43.2519471, -2.9175114 43.2520732, -2.9173844 43.2520897, -2.9169701 43.2522153, -2.9169273 43.2521581, -2.9164 43.2513005, -2.9174684 43.2509337, -2.9178693 43.2511, -2.9180367 43.2513591, -2.9180808 43.2514274, -2.9180855 43.2516041, -2.9180882 43.2517056, -2.9179234 43.2519028, -2.9178864 43.2519471))",43.25155120263126,-2.917310261009466
building_125,amenity_school,W40354072,"POLYGON ((-2.9203583 43.2573266, -2.9205054 43.2574198, -2.9205366 43.2573936, -2.920827 43.2575775, -2.9208939 43.2575214, -2.9210284 43.2576067, -2.9210516 43.2575872, -2.921085 43.2576083, -2.9212624 43.2574598, -2.9212278 43.2574379, -2.9212531 43.2574166, -2.9211129 43.2573278, -2.9211946 43.2572594, -2.9209149 43.2570822, -2.920939 43.257062, -2.9207883 43.2569665, -2.9205756 43.2571446, -2.9203583 43.2573266))",43.257313534983936,-2.920838814693779
building_126,amenity_place_of_worship,W40401013,"POLYGON ((-2.9111438 43.2533235, -2.911137 43.2531838, -2.9109564 43.2531831, -2.9108381 43.2531827, -2.9108479 43.2532102, -2.9109017 43.253361, -2.9111438 43.2533235))",43.25326081015326,-2.910998703291393
building_127,amenity_place_of_worship,W40401015,"POLYGON ((-2.9200116 43.2555833, -2.9198046 43.2557607, -2.9195425 43.2555985, -2.9197002 43.2554633, -2.9197495 43.2554211, -2.9200116 43.2555833))",43.25559089371499,-2.9197770426490504
building_128,amenity_school,W40467470,"POLYGON ((-2.9016549 43.2573206, -2.9017693 43.2571295, -2.9022342 43.2565474, -2.9026114 43.2561324, -2.9018411 43.2558497, -2.9014665 43.2561047, -2.9012488 43.2562659, -2.9010622 43.2564453, -2.9008461 43.2566931, -2.900762 43.2568076, -2.9012327 43.2572628, -2.9016549 43.2573206))",43.256573103543374,-2.901640699915715
building_129,amenity_school,W40944261,"POLYGON ((-2.9139844 43.2545696, -2.9139925 43.2547074, -2.9138955 43.2547534, -2.9140538 43.2549157, -2.9147233 43.2545868, -2.9146756 43.2542723, -2.9145145 43.2542751, -2.9144064 43.2542764, -2.9143177 43.2542755, -2.9143264 43.2545081, -2.9140379 43.2545112, -2.9139844 43.2545696))",43.25457663584313,-2.9143413659869406
building_130,amenity_school,W41376548,"POLYGON ((-2.9180948 43.2437707, -2.9179489 43.2438942, -2.9178102 43.2440889, -2.9175988 43.2441823, -2.9171986 43.2444419, -2.9175048 43.2446612, -2.917972 43.2444985, -2.9182428 43.2443498, -2.9184574 43.2442125, -2.9189021 43.2440163, -2.918912 43.2439568, -2.9189341 43.2439115, -2.9191915 43.2437512, -2.9192705 43.243625, -2.91912 43.2434314, -2.9187527 43.2436059, -2.9187062 43.2435609, -2.9186154 43.2435195, -2.9180948 43.2437707))",43.24403972070166,-2.918266302456059
building_131,amenity_place_of_worship,W41525574,"POLYGON ((-2.922322 43.2578537, -2.9222369 43.2578177, -2.9222072 43.2578517, -2.9221075 43.2578107, -2.922012 43.2577623, -2.9218748 43.2577005, -2.9219935 43.257553, -2.9220071 43.2575496, -2.9224172 43.2577378, -2.922322 43.2578537))",43.25771234249542,-2.9221397271902028
building_132,amenity_place_of_worship,W41577091,"POLYGON ((-2.9234079 43.2552416, -2.9234034 43.2550186, -2.9233529 43.2550197, -2.9230943 43.2550271, -2.9230604 43.2550472, -2.9230451 43.2550567, -2.9230222 43.2550866, -2.9230245 43.2551777, -2.9229746 43.255158, -2.9230543 43.2550286, -2.9229527 43.2549985, -2.9227898 43.2552399, -2.9228304 43.2552992, -2.9228813 43.2553133, -2.9230315 43.2553369, -2.923042 43.2553313, -2.923164 43.2553277, -2.9231658 43.2553107, -2.9232462 43.2553078, -2.9232466 43.2552914, -2.9233036 43.2552901, -2.9233861 43.255309, -2.9234079 43.2552416))",43.25517486273493,-2.9231226570051967
building_133,amenity_school,W41577094,"POLYGON ((-2.9223324 43.2545466, -2.9222162 43.2546048, -2.9220179 43.2547041, -2.9219549 43.2547356, -2.9214943 43.2542751, -2.9215642 43.2542371, -2.9217658 43.2541276, -2.9217967 43.2541109, -2.921994 43.2540119, -2.9220572 43.2541199, -2.9221186 43.2542744, -2.9221962 43.254397, -2.9223324 43.2545466))",43.25438112441693,-2.9219242749036556
building_134,amenity_place_of_worship,W41586292,"POLYGON ((-2.9411574 43.2602951, -2.9413074 43.2599693, -2.9409013 43.2598701, -2.9407512 43.2601959, -2.9408726 43.2602255, -2.9409731 43.2602501, -2.9411574 43.2602951))",43.2600826018563,-2.9410293255920963
building_135,amenity_place_of_worship,W41642582,"POLYGON ((-2.9393012 43.2280258, -2.9392511 43.2279186, -2.9390627 43.2279654, -2.9391128 43.2280725, -2.9393012 43.2280258))",43.22799556975648,-2.9391819622006468
building_136,amenity_place_of_worship,W41789694,"POLYGON ((-2.9227386 43.2599537, -2.9223462 43.2600446, -2.9223602 43.2600839, -2.9222886 43.2601021, -2.9223059 43.2603479, -2.9224656 43.2603312, -2.9224732 43.2603723, -2.9226491 43.260347, -2.9228853 43.2602946, -2.9227386 43.2599537))",43.26017858770202,-2.922571763912898
building_137,amenity_place_of_worship,W41880844,"POLYGON ((-2.9563577 43.2754043, -2.9559499 43.275772, -2.9558473 43.275699, -2.9560601 43.2754953, -2.9562115 43.2753467, -2.9562254 43.275328, -2.9563577 43.2754043))",43.27554714351943,-2.9561012625662673
building_138,amenity_school,W46974419,"POLYGON ((-2.9564668 43.2750878, -2.9562495 43.275304, -2.9562254 43.275328, -2.9562115 43.2753467, -2.9560601 43.2754953, -2.9558473 43.275699, -2.9553993 43.2752733, -2.9552527 43.2751151, -2.9550211 43.2748651, -2.955064 43.2747187, -2.9553645 43.2745781, -2.9556541 43.2746988, -2.9560109 43.2748476, -2.9562117 43.2749534, -2.9564668 43.2750878))",43.275085230498796,-2.955713804783979
building_139,amenity_school,W48052362,"POLYGON ((-2.9098218 43.266616, -2.9104989 43.266809, -2.9106733 43.2667393, -2.9108588 43.2666536, -2.9109946 43.2665581, -2.9110398 43.2665021, -2.9107819 43.2663966, -2.910791 43.2662452, -2.9107548 43.2660871, -2.9101377 43.2659354, -2.9099157 43.2663757, -2.9098218 43.266616))",43.26640023315709,-2.9103926848917308
building_140,tourism_hostel,W52528082,"POLYGON ((-2.9615553 43.2632338, -2.9615547 43.2631825, -2.9615484 43.2631662, -2.9613177 43.2631512, -2.9610887 43.2631844, -2.9611083 43.263259, -2.9613382 43.263259, -2.9614051 43.263249, -2.9615048 43.2632341, -2.9615553 43.2632338))",43.26320722722957,-2.9613203976201534
building_141,amenity_place_of_worship,W53661749,"POLYGON ((-2.9293838 43.2518817, -2.9291543 43.2520426, -2.9286586 43.2518581, -2.9288404 43.2518265, -2.9288188 43.2517745, -2.92915 43.2517035, -2.9293838 43.2518817))",43.251866677604006,-2.9290643617025647
building_142,amenity_school,W53668485,"POLYGON ((-2.9292643 43.2488715, -2.9296689 43.2484528, -2.9301644 43.2486889, -2.9308245 43.2490272, -2.9308713 43.2490512, -2.9304822 43.2494453, -2.9304569 43.2494554, -2.9304085 43.2494537, -2.9303694 43.2494319, -2.929773 43.2491367, -2.9292643 43.2488715))",43.248961862530635,-2.930066135495643
building_143,amenity_school,W53764581,"POLYGON ((-2.9322044 43.2495698, -2.9311112 43.2490344, -2.9311768 43.2489681, -2.9315849 43.2485291, -2.9318112 43.2486424, -2.9319492 43.2487263, -2.9322784 43.2495984, -2.9322044 43.2495698))",43.24903243466212,-2.9317237114605668
building_144,amenity_place_of_worship,W70038638,"POLYGON ((-2.965442 43.2851428, -2.9654525 43.2851285, -2.9654942 43.2851272, -2.9655683 43.2850228, -2.96535 43.2849407, -2.9652775 43.2850429, -2.9652972 43.2850719, -2.9652863 43.285088, -2.9653255 43.2851643, -2.965442 43.2851428))",43.285056100487196,-2.965406009084892
building_145,amenity_place_of_worship,W110726474,"POLYGON ((-2.9300968 43.2609238, -2.9297653 43.2607575, -2.9297708 43.2607496, -2.9297204 43.2607235, -2.9296743 43.2607761, -2.929582 43.2607315, -2.9294895 43.260839, -2.9295815 43.2608824, -2.9295338 43.2609324, -2.9298693 43.2610938, -2.9299305 43.2610882, -2.9300968 43.2609238))",43.26090877383502,-2.92978567668919
building_146,amenity_place_of_worship,W112164512,"POLYGON ((-2.9459237 43.2725166, -2.9459102 43.2724405, -2.9458378 43.2724463, -2.9458325 43.2724014, -2.9459049 43.2723428, -2.9457386 43.272251, -2.9454543 43.2722725, -2.9453121 43.2723995, -2.9453497 43.2725811, -2.945414 43.2725752, -2.9454194 43.2725928, -2.9457708 43.2725674, -2.9457815 43.2726201, -2.9458432 43.2726143, -2.9458325 43.2725576, -2.9458781 43.2725537, -2.9459237 43.2725166))",43.272432347664996,-2.945613879322651
building_147,amenity_place_of_worship,W115272112,"POLYGON ((-2.9110929 43.2579603, -2.9111137 43.2579405, -2.9113996 43.2576683, -2.9110362 43.2574658, -2.9107538 43.2577346, -2.9107294 43.2577578, -2.9110929 43.2579603))",43.25771305385451,-2.911064522003883
building_148,amenity_school,W123440601,"POLYGON ((-2.9208232 43.2667422, -2.9215139 43.2663893, -2.9214468 43.2663197, -2.9214155 43.2663357, -2.9213755 43.2662942, -2.9212596 43.2663535, -2.9212292 43.2663219, -2.9207911 43.2665458, -2.9207259 43.2664781, -2.9206206 43.2665319, -2.9206583 43.266571, -2.9208232 43.2667422))",43.26650910693881,-2.92105747075796
building_149,amenity_place_of_worship,W132575975,"POLYGON ((-2.9387737 43.2579545, -2.9390885 43.2580424, -2.9392037 43.257822, -2.9388889 43.2577341, -2.9387737 43.2579545))",43.25788824999999,-2.9389887000000003
building_150,amenity_school,W133202037,"POLYGON ((-2.9645189 43.2799045, -2.9643527 43.2796026, -2.9642669 43.2794467, -2.9639966 43.2789557, -2.9638489 43.278998, -2.9636409 43.2790575, -2.9635616 43.2790827, -2.9638482 43.2796332, -2.9641351 43.280184, -2.9642299 43.2801478, -2.9642841 43.280059, -2.9643157 43.2799637, -2.9645189 43.2799045))",43.27953188152901,-2.964044809587376
building_151,amenity_school,W133202039,"POLYGON ((-2.9639966 43.2789557, -2.9639686 43.2789037, -2.9637783 43.2785271, -2.9636653 43.278557, -2.9634865 43.2786081, -2.9633222 43.278652, -2.9635616 43.2790827, -2.9636409 43.2790575, -2.9638489 43.278998, -2.9639966 43.2789557))",43.27880270444211,-2.963662949818916
building_152,amenity_school,W138646173,"POLYGON ((-2.9722658 43.2739793, -2.9726789 43.273829, -2.9727486 43.2737626, -2.9727754 43.2737059, -2.9727745 43.2736046, -2.9727196 43.2734513, -2.9726431 43.2733263, -2.9719896 43.2736024, -2.9722658 43.2739793))",43.273658206322374,-2.9724287872498514
building_153,amenity_school,W138709160,"POLYGON ((-2.9450031 43.2510445, -2.9449964 43.2509584, -2.9448249 43.2508331, -2.9448509 43.2507801, -2.9448192 43.250595, -2.9448209 43.2504845, -2.9448474 43.2503161, -2.9448962 43.2502412, -2.9451659 43.2502691, -2.9451511 43.2503634, -2.9452584 43.2503752, -2.9456849 43.2504167, -2.9455984 43.2508881, -2.9455364 43.2511988, -2.9451101 43.251182, -2.9450031 43.2510445))",43.2507197898228,-2.945235337346584
building_154,amenity_school,W146669288,"POLYGON ((-2.934073 43.2554708, -2.9339032 43.2554268, -2.9339148 43.2553035, -2.9339583 43.2552399, -2.9339796 43.2552449, -2.9341639 43.2550258, -2.9343514 43.2548727, -2.9342559 43.2548416, -2.9342132 43.2548579, -2.9341844 43.2548498, -2.9339611 43.2547868, -2.9339347 43.2547468, -2.9338026 43.2547128, -2.9337192 43.254735, -2.9334428 43.2554412, -2.9334408 43.2557299, -2.9334956 43.2557639, -2.9338798 43.2557847, -2.9339246 43.255758, -2.934073 43.2554708))",43.25526346281122,-2.933798192832977
building_155,amenity_place_of_worship,W146669294,"POLYGON ((-2.9350772 43.2528118, -2.9349491 43.2524401, -2.9346543 43.2524934, -2.9347478 43.2527674, -2.9347844 43.2528636, -2.9348596 43.2528503, -2.9348861 43.2528784, -2.9349267 43.2528843, -2.9349613 43.2528769, -2.9349857 43.2528547, -2.9349877 43.2528236, -2.9350772 43.2528118))",43.25265959697768,-2.9348678024342023
building_156,amenity_school,W148389816,"POLYGON ((-2.9319768 43.2608242, -2.9319457 43.2607691, -2.9316184 43.2601825, -2.9316377 43.2601395, -2.9317768 43.2600826, -2.9319701 43.260016, -2.9320997 43.2599843, -2.932189 43.2601215, -2.9323187 43.2600856, -2.9323542 43.2600758, -2.9323876 43.2600665, -2.9324622 43.2600459, -2.9326591 43.2599913, -2.9326696 43.2600089, -2.9326859 43.2600363, -2.9328183 43.2599967, -2.9328478 43.2600486, -2.9321479 43.2602651, -2.9321657 43.2603225, -2.9323772 43.2606992, -2.9321632 43.2607634, -2.9320989 43.2607844, -2.9319768 43.2608242))",43.26034678398649,-2.9320764638486048
building_157,amenity_school,W148389818,"POLYGON ((-2.9328478 43.2600486, -2.9321479 43.2602651, -2.9321657 43.2603225, -2.9323772 43.2606992, -2.9321632 43.2607634, -2.9320989 43.2607844, -2.9319768 43.2608242, -2.9321266 43.2610967, -2.9321519 43.2611024, -2.9323395 43.261026, -2.9323339 43.2610176, -2.9325162 43.2609483, -2.9326156 43.2609116, -2.9327133 43.2608784, -2.9327192 43.2608854, -2.9328544 43.2608438, -2.9328508 43.260835, -2.9330728 43.260773, -2.9332497 43.2607271, -2.9332536 43.2607372, -2.9334903 43.2606882, -2.9335206 43.2606496, -2.9334226 43.2604822, -2.933418 43.2604838, -2.9333642 43.2603873, -2.9331955 43.2604399, -2.9330848 43.2604746, -2.9328478 43.2600486))",43.26056981462753,-2.93268520312798
building_158,amenity_school,W151417160,"POLYGON ((-2.9419697 43.2487193, -2.9418721 43.2487674, -2.9413124 43.2490309, -2.9408572 43.2490564, -2.94079 43.2490602, -2.9407096 43.2489577, -2.9406665 43.2487549, -2.9406235 43.2485312, -2.9406167 43.2483923, -2.9406063 43.2481778, -2.9405661 43.2479269, -2.940879 43.2479896, -2.9411316 43.2480732, -2.9413124 43.2481882, -2.9414301 43.2483011, -2.9416425 43.2484537, -2.9419697 43.2487193))",43.24855327383859,-2.941124341036385
building_159,amenity_school,W162448171,"POLYGON ((-2.9195661 43.2745554, -2.9193725 43.2744902, -2.9193816 43.2744761, -2.9193524 43.2744659, -2.919362 43.2744509, -2.9194212 43.2744311, -2.9194666 43.2743596, -2.9196482 43.2744207, -2.9196077 43.2744844, -2.9196404 43.2744954, -2.9196657 43.2744557, -2.9197309 43.2744776, -2.9196677 43.274577, -2.9195727 43.274545, -2.9195661 43.2745554))",43.274472044140566,-2.919543897158748
building_160,amenity_place_of_worship,W163196945,"POLYGON ((-2.9609032 43.2654255, -2.9605953 43.2656226, -2.9605684 43.2656003, -2.9605202 43.2656312, -2.9604202 43.2655484, -2.9604726 43.2655148, -2.9604233 43.265474, -2.9607271 43.2652796, -2.9609032 43.2654255))",43.265461037844666,-2.9606482549113027
building_161,amenity_community_centre,W164512079,"POLYGON ((-2.8990602 43.2580966, -2.8985925 43.2581811, -2.8985603 43.258189, -2.8984758 43.2579794, -2.8985226 43.2579701, -2.8988768 43.2578999, -2.8988191 43.2577215, -2.8987655 43.257616, -2.8986944 43.2575483, -2.8985884 43.2574988, -2.8986313 43.2574129, -2.8987279 43.2574285, -2.8988084 43.2574715, -2.898866 43.2575443, -2.8988982 43.2576029, -2.8989532 43.2576864, -2.8989747 43.2577606, -2.8990001 43.2578413, -2.8990377 43.2579155, -2.8990602 43.2579872, -2.8990602 43.2580966))",43.25788389565486,-2.898800209428842
building_162,amenity_school,W164635674,"POLYGON ((-2.9068558 43.2578464, -2.9052185 43.2576232, -2.9052942 43.2572459, -2.9064792 43.2574089, -2.9065919 43.2574714, -2.9070846 43.2575314, -2.9068558 43.2578464))",43.25755238061837,-2.9060943790492177
building_163,amenity_school,W164635825,"POLYGON ((-2.9050794 43.257698, -2.9044438 43.2576186, -2.9044882 43.2574494, -2.9042854 43.2574167, -2.9043444 43.2571433, -2.9044464 43.257155, -2.9044893 43.257112, -2.9052081 43.2571862, -2.9050794 43.257698))",43.25738587270566,-2.904761908988623
building_164,amenity_school,W165462102,"POLYGON ((-2.934589 43.2452216, -2.9349446 43.245255, -2.9349732 43.245745, -2.9349645 43.2459019, -2.9348876 43.24602, -2.9347901 43.2460775, -2.9346718 43.2460958, -2.9344468 43.2460958, -2.9341562 43.2459101, -2.9338538 43.246051, -2.9337588 43.2460817, -2.9337061 43.2460612, -2.9336428 43.2459972, -2.9336006 43.2458076, -2.9336674 43.2457999, -2.9336639 43.2456591, -2.9335564 43.2454487, -2.9335119 43.2453615, -2.9335056 43.2453491, -2.9333052 43.2452313, -2.9334036 43.2450955, -2.9335759 43.2451903, -2.9336463 43.2451288, -2.9337385 43.2451349, -2.9341784 43.2451692, -2.934589 43.2452216))",43.245592158361845,-2.9342422839261544
building_165,amenity_school,W165645783,"POLYGON ((-2.9279249 43.2541496, -2.9276969 43.2542629, -2.9275896 43.2543098, -2.927485 43.2543294, -2.9274877 43.2543411, -2.9274152 43.2543469, -2.9272758 43.2543352, -2.927257 43.2543665, -2.9265033 43.2541027, -2.9265596 43.2540031, -2.9265945 43.2540129, -2.9266428 43.2539347, -2.926823 43.2536592, -2.9277881 43.2540031, -2.9278954 43.2540441, -2.9279249 43.2541496))",43.25405003153166,-2.927189817999719
building_166,amenity_place_of_worship,W165888796,"POLYGON ((-2.9208332 43.2535389, -2.9203666 43.2534174, -2.9202068 43.2533971, -2.9201388 43.2535836, -2.9205428 43.2536768, -2.9205308 43.2537117, -2.9206011 43.2537287, -2.9206268 43.2536943, -2.9207414 43.2537243, -2.9208332 43.2535389))",43.253559247122105,-2.920482768908343
building_167,tourism_hostel,W173091204,"POLYGON ((-2.9187626 43.2584447, -2.9185478 43.2582819, -2.9185268 43.2582944, -2.9185091 43.2582845, -2.9184816 43.2583045, -2.9184698 43.2582944, -2.9184415 43.2583134, -2.9185091 43.2583636, -2.9185315 43.2583479, -2.9186386 43.2584293, -2.918572 43.2584458, -2.9185627 43.2584224, -2.9184415 43.2584541, -2.918452 43.2584753, -2.9184187 43.2584833, -2.9184613 43.2585746, -2.9186958 43.2585156, -2.9186916 43.258512, -2.9187863 43.2584933, -2.9187626 43.2584447))",43.25844537253583,-2.9185868614666655
building_168,amenity_school,W174088383,"POLYGON ((-2.9430343 43.2578, -2.9427375 43.2577919, -2.9424272 43.2577781, -2.9423734 43.2578095, -2.9423111 43.2582441, -2.942346 43.2582835, -2.9426598 43.2583525, -2.9429691 43.258418, -2.9430343 43.2578))",43.258071420606136,-2.9426844799068728
building_169,amenity_school,W174482524,"POLYGON ((-2.9443646 43.2610411, -2.9444863 43.2607381, -2.9445101 43.2606827, -2.9436068 43.2604782, -2.9430564 43.2603595, -2.9430188 43.260374, -2.9428805 43.2607163, -2.9428546 43.2607107, -2.9428088 43.2608238, -2.9428301 43.2608284, -2.9426689 43.2612267, -2.9426463 43.2612218, -2.9426373 43.2612481, -2.9426038 43.2613298, -2.9426574 43.2613415, -2.9426359 43.2613941, -2.9440898 43.2617107, -2.9443646 43.2610411))",43.26103224056917,-2.943555683435342
building_170,amenity_school,W174482534,"POLYGON ((-2.941726 43.2606088, -2.9418148 43.2600889, -2.9417933 43.2600577, -2.941516 43.2599956, -2.9414692 43.2601138, -2.9414437 43.2601102, -2.9413185 43.2604208, -2.9415613 43.2604782, -2.9415758 43.2604795, -2.9415409 43.2605674, -2.941726 43.2606088))",43.260286715295,-2.9415964249186772
building_171,amenity_school,W176257645,"POLYGON ((-2.9215677 43.2569858, -2.9215211 43.2570001, -2.9210429 43.2568709, -2.9210548 43.2568277, -2.9210928 43.2567463, -2.9211038 43.2567245, -2.9211531 43.256659, -2.921219 43.2565996, -2.9213038 43.2566518, -2.9213365 43.2566713, -2.9214323 43.2566354, -2.9217054 43.2567146, -2.9215972 43.2569012, -2.9216186 43.2569154, -2.9215677 43.2569858))",43.256800249672935,-2.921374403543259
building_172,amenity_place_of_worship,W176664325,"POLYGON ((-2.9605672 43.2687764, -2.9607456 43.2686421, -2.9606901 43.2686029, -2.9604457 43.2684303, -2.9604787 43.268402, -2.9603918 43.2683452, -2.9601819 43.2685133, -2.9605672 43.2687764))",43.268567154157736,-2.9604612424344765
building_173,amenity_school,W178937537,"POLYGON ((-2.9101704 43.2507875, -2.909976 43.2510747, -2.9099021 43.2513157, -2.9098526 43.2516354, -2.909901 43.2516429, -2.9099622 43.2516523, -2.910187 43.2516871, -2.9101904 43.2517732, -2.9105789 43.2517904, -2.9106499 43.2511851, -2.910633 43.2509366, -2.9105924 43.2509022, -2.9103088 43.2508251, -2.9101704 43.2507875))",43.25131112995326,-2.9102872678264795
building_174,amenity_school,W183189348,"POLYGON ((-2.9256865 43.2672339, -2.9256114 43.2671949, -2.9254014 43.2671751, -2.9254816 43.2667738, -2.9256837 43.2667998, -2.925808 43.2667164, -2.9261023 43.2669605, -2.9259418 43.267066, -2.9257763 43.2671748, -2.9256865 43.2672339))",43.2669778943415,-2.9257094413631584
building_175,amenity_school,W185201414,"POLYGON ((-2.9453834 43.2640537, -2.9455816 43.2635725, -2.9453127 43.2635131, -2.9452907 43.2635779, -2.944747 43.2634623, -2.9446437 43.2637566, -2.9445989 43.2638852, -2.9453834 43.2640537))",43.26374906018535,-2.9450893559191655
building_176,amenity_school,W185201416,"POLYGON ((-2.9379265 43.2613719, -2.9373478 43.2612409, -2.9373264 43.261205, -2.9375115 43.2607775, -2.9376475 43.2608054, -2.9375016 43.2611768, -2.9376688 43.2612118, -2.937683 43.2611758, -2.9378551 43.2612118, -2.9378859 43.2611338, -2.9379985 43.2611573, -2.9379265 43.2613719))",43.26113546370042,-2.937620627274355
building_177,amenity_place_of_worship,W185205678,"POLYGON ((-2.9541544 43.2706222, -2.9539294 43.2706611, -2.9533537 43.2708305, -2.9533479 43.2707749, -2.9532526 43.2705598, -2.9531649 43.2704959, -2.9532278 43.2703391, -2.9535653 43.2702697, -2.9535786 43.2703224, -2.9539199 43.2702544, -2.9539046 43.2702141, -2.9540667 43.2701836, -2.9541486 43.2703668, -2.9541544 43.2706222))",43.270495984069676,-2.9536808799959586
building_178,amenity_school,W185205751,"POLYGON ((-2.954345 43.2706639, -2.95434 43.2706048, -2.9542979 43.2701045, -2.9542077 43.2690342, -2.9547771 43.2689989, -2.9553592 43.2690481, -2.9557138 43.269173, -2.9557544 43.2692728, -2.9558778 43.2695756, -2.9558821 43.2697102, -2.9558832 43.2697454, -2.9558866 43.2698511, -2.9558905 43.269972, -2.9559121 43.2706445, -2.954345 43.2706639))",43.26985222807176,-2.955056771945497
building_179,amenity_school,W185205752,"POLYGON ((-2.9481937 43.2686601, -2.9481552 43.2685322, -2.9480859 43.2682973, -2.9484584 43.2682397, -2.9490742 43.2681731, -2.9491271 43.2685515, -2.9488938 43.2685725, -2.9481937 43.2686601))",43.2684144593636,-2.9486194979724067
building_180,amenity_school,W185206614,"POLYGON ((-2.940885 43.2708622, -2.9411294 43.2706759, -2.94108 43.2705881, -2.9407818 43.2700568, -2.9407166 43.2699429, -2.9406595 43.2699521, -2.9400075 43.2700626, -2.9401019 43.2704297, -2.9400803 43.2704651, -2.940885 43.2708622))",43.270374325567914,-2.9405683012120356
building_181,amenity_school,W185282103,"POLYGON ((-2.9026634 43.2562397, -2.9018692 43.2572429, -2.9018092 43.2573389, -2.9017333 43.2576038, -2.9016898 43.2577783, -2.9017009 43.257852, -2.9017695 43.2579215, -2.9019032 43.2579983, -2.902181 43.2581482, -2.9024928 43.2583127, -2.9025927 43.2583651, -2.9027646 43.2584044, -2.9034174 43.257479, -2.903559 43.2570461, -2.9035729 43.2570035, -2.903669 43.25702, -2.9037445 43.257031, -2.9039118 43.2568047, -2.9038298 43.2567407, -2.9037579 43.2566563, -2.9037099 43.2565602, -2.9036779 43.2564656, -2.9036779 43.2564015, -2.9032002 43.2563274, -2.9027927 43.2562071, -2.9026634 43.2562397))",43.257258985675364,-2.9027431646286486
building_182,amenity_school,W185282104,"POLYGON ((-2.9068524 43.2596951, -2.9067319 43.2602484, -2.9067151 43.2603286, -2.9067119 43.2603418, -2.9068094 43.2603491, -2.9067868 43.2604396, -2.9066949 43.2604262, -2.9066794 43.2605343, -2.9075335 43.2606162, -2.9077253 43.2597531, -2.9076083 43.2597297, -2.9074539 43.259711, -2.9072164 43.259711, -2.9070384 43.2597068, -2.9068524 43.2596951))",43.260141390243255,-2.9072056253542877
building_183,amenity_school,W185282106,"POLYGON ((-2.9084645 43.264005, -2.9087552 43.2636719, -2.9089191 43.2635017, -2.909099 43.2631655, -2.9081257 43.26303, -2.907702 43.2629456, -2.9075361 43.2630184, -2.9074162 43.2632105, -2.9072763 43.2636442, -2.9073282 43.2638814, -2.9073722 43.263992, -2.9074102 43.2641114, -2.9074401 43.2641376, -2.9075421 43.2641245, -2.9077159 43.2640735, -2.9078377 43.2640637, -2.9079498 43.2640547, -2.9081716 43.2640591, -2.9083075 43.2640867, -2.9083595 43.2640947, -2.9083945 43.2640889, -2.9084645 43.264005))",43.26352870570346,-2.908070959437656
building_184,amenity_school,W185282107,"POLYGON ((-2.9079223 43.2546049, -2.9078512 43.2530966, -2.9081508 43.2530925, -2.9081649 43.2534837, -2.9083373 43.2536751, -2.9084255 43.2539108, -2.9085691 43.2542948, -2.9081762 43.254303, -2.9081791 43.2545994, -2.9079502 43.2546043, -2.9079223 43.2546049))",43.25387952593527,-2.9081157892491385
building_185,amenity_school,W185282109,"POLYGON ((-2.9072278 43.2542359, -2.9071668 43.2528207, -2.9064538 43.2531555, -2.9056005 43.2539311, -2.9056725 43.2540532, -2.9072303 43.2542742, -2.9072278 43.2542359))",43.25366521738261,-2.906609666855828
building_186,amenity_school,W185282136,"POLYGON ((-2.949469 43.2760833, -2.9496555 43.2758117, -2.9496809 43.275573, -2.9494944 43.2751882, -2.949434 43.2751803, -2.9490123 43.2752749, -2.9489144 43.2753272, -2.9488784 43.2754364, -2.9488155 43.2754379, -2.9487565 43.2754407, -2.9487365 43.2754029, -2.9486865 43.2753665, -2.9485406 43.2753825, -2.9477672 43.2754815, -2.9477851 43.2757158, -2.9483228 43.2756794, -2.9482908 43.2762887, -2.9488102 43.2762939, -2.9488624 43.2761043, -2.949469 43.2760833))",43.27572418887909,-2.948857870940447
building_187,amenity_school,W185282143,"POLYGON ((-2.9567643 43.2804105, -2.9565324 43.2797688, -2.9569482 43.2796803, -2.95712 43.2796437, -2.9572839 43.2801195, -2.9572339 43.2801602, -2.9572819 43.2803188, -2.9571814 43.2803368, -2.9571014 43.28035, -2.9569351 43.2803799, -2.9567643 43.2804105))",43.28002542818132,-2.9569323243902743
building_188,amenity_school,W185282998,"POLYGON ((-2.9221919 43.2409944, -2.9223358 43.2403319, -2.9215624 43.24023, -2.9215624 43.2401572, -2.9214587 43.2401379, -2.9212782 43.2401042, -2.9212487 43.2402664, -2.9210048 43.2402504, -2.9209788 43.2404324, -2.9208788 43.2404295, -2.9208968 43.240741, -2.9209436 43.2407515, -2.9210002 43.2407757, -2.9210539 43.240823, -2.9210793 43.2408544, -2.9210991 43.240908, -2.9217267 43.2409802, -2.9221919 43.2409944))",43.2405881821674,-2.921607513021208
building_189,amenity_school,W185284035,"POLYGON ((-2.9250405 43.2447894, -2.9252111 43.2446107, -2.9253056 43.2445139, -2.9253423 43.2444633, -2.9254223 43.2443556, -2.9255142 43.2442042, -2.9255801 43.2440295, -2.9253163 43.2439698, -2.9251185 43.244341, -2.9250715 43.2443926, -2.9247394 43.2447327, -2.9249106 43.2448214, -2.9250405 43.2447894))",43.244405788428594,-2.9251938625874043
building_190,amenity_school,W201506082,"POLYGON ((-2.9058754 43.2634356, -2.90561 43.2634092, -2.9055986 43.2633901, -2.9052145 43.2627447, -2.9050871 43.2625305, -2.9048337 43.2619008, -2.9051313 43.2618687, -2.9054933 43.2620063, -2.9055979 43.2619976, -2.9057347 43.2619595, -2.9057869 43.2619888, -2.9059157 43.2630344, -2.9058853 43.2633367, -2.9058754 43.2634356))",43.262555357753975,-2.9054812365975407
building_191,amenity_school,W201506083,"POLYGON ((-2.9057709 43.2617457, -2.9057387 43.2618599, -2.9055134 43.2619126, -2.9050026 43.2617252, -2.904886 43.2614147, -2.9049061 43.2611716, -2.9049343 43.2611071, -2.9049705 43.2610661, -2.9053405 43.2608757, -2.9054491 43.2608582, -2.9060564 43.2609695, -2.9062897 43.2610398, -2.9064425 43.2611306, -2.9065109 43.2612536, -2.9065632 43.2615582, -2.9065391 43.2616226, -2.9061127 43.2615992, -2.905984 43.2616226, -2.905799 43.2613268, -2.9055617 43.2613356, -2.9057709 43.2617457))",43.261342946121154,-2.905647601969728
building_192,amenity_school,W201671663,"POLYGON ((-2.9019246 43.2590733, -2.9018952 43.2591033, -2.9009976 43.2592607, -2.9010133 43.2591005, -2.900982 43.258991, -2.9009661 43.2588702, -2.9008954 43.2587615, -2.9008168 43.2586799, -2.9012745 43.2584196, -2.9018736 43.2589846, -2.9019246 43.2590361, -2.9019246 43.2590733))",43.25887864816436,-2.9013276240376737
building_193,amenity_school,W201679887,"POLYGON ((-2.9180638 43.2528622, -2.917977 43.2528363, -2.9178431 43.2528021, -2.9178104 43.2528883, -2.9177563 43.2529806, -2.9176909 43.2530632, -2.9176162 43.2531386, -2.9175343 43.2532032, -2.9175365 43.2532224, -2.9176737 43.253399, -2.9176805 43.253394, -2.9177701 43.2535138, -2.9180014 43.2533956, -2.9180535 43.2534082, -2.9181441 43.2532566, -2.918092 43.2532398, -2.9182798 43.2529379, -2.9180638 43.2528622))",43.25314905033093,-2.917902836711677
building_194,amenity_place_of_worship,W203275368,"POLYGON ((-2.9332476 43.2576659, -2.9331124 43.2577496, -2.9327914 43.257446, -2.932913 43.2573697, -2.9332476 43.2576659))",43.25756029703332,-2.9330188676365134
building_195,amenity_place_of_worship,W235144523,"POLYGON ((-2.9056707 43.256654, -2.9057196 43.2564406, -2.9060673 43.2564829, -2.9060434 43.2565843, -2.9063238 43.2566195, -2.9062982 43.2567302, -2.9056707 43.256654))",43.256594793570244,-2.905958233730697
building_196,amenity_school,W248684621,"POLYGON ((-2.9511822 43.2705983, -2.9512483 43.2702852, -2.9512851 43.2700584, -2.9513054 43.2699329, -2.9520061 43.2699246, -2.9527052 43.2699946, -2.952561 43.2703414, -2.9524557 43.2705945, -2.9521516 43.270595, -2.9519489 43.2705953, -2.9511822 43.2705983))",43.27026384014726,-2.9519081118250723
building_197,amenity_school,W248831480,"POLYGON ((-2.9356649 43.2590125, -2.9355251 43.2593567, -2.9351564 43.2592718, -2.9351864 43.2591973, -2.9352165 43.2592019, -2.9352983 43.2590142, -2.9352674 43.2590075, -2.9353055 43.2589303, -2.9356649 43.2590125))",43.259145032718884,-2.9354195104461427
building_198,amenity_school,W248854014,"POLYGON ((-2.9323233 43.2671349, -2.9322669 43.2672695, -2.9324356 43.2673082, -2.932603 43.2668834, -2.9325395 43.2668695, -2.9324397 43.2668478, -2.9323808 43.2668349, -2.9319738 43.266746, -2.9319094 43.2667698, -2.9318935 43.2668131, -2.9318166 43.267022, -2.9323233 43.2671349))",43.26698201722371,-2.9322275255777
building_199,amenity_school,W248854824,"POLYGON ((-2.9293748 43.2690215, -2.9294451 43.2690755, -2.9295733 43.2689863, -2.9295089 43.2689434, -2.929576 43.2688926, -2.9296403 43.2689356, -2.9297557 43.2688535, -2.9296067 43.268746, -2.9293035 43.2689641, -2.9293748 43.2690215))",43.26890731500322,-2.9295231778617388
building_200,amenity_school,W248855598,"POLYGON ((-2.9231142 43.266137, -2.9228812 43.2660105, -2.9232967 43.2656046, -2.9235217 43.2657257, -2.9231142 43.266137))",43.26587076133516,-2.923202179569874
building_201,amenity_school,W248857735,"POLYGON ((-2.9264963 43.2585575, -2.9265564 43.2583691, -2.9263809 43.2583244, -2.926377 43.2583263, -2.9263309 43.2583483, -2.9262037 43.2584073, -2.9264155 43.2586035, -2.9264963 43.2585575))",43.258446968221755,-2.9264004622419817
building_202,amenity_school,W251096855,"POLYGON ((-2.9687097 43.27232, -2.9683396 43.2714451, -2.9689204 43.2715633, -2.9691568 43.2717146, -2.9692878 43.2719655, -2.9693405 43.272162, -2.9691482 43.2722375, -2.9691454 43.2722714, -2.9690685 43.2723439, -2.9689717 43.2723253, -2.9689518 43.2722859, -2.9687097 43.27232))",43.27190400890658,-2.968858584144567
building_203,amenity_school,W251096861,"POLYGON ((-2.9704272 43.2757149, -2.9703232 43.2755869, -2.9702443 43.2755947, -2.970065 43.275109, -2.9702899 43.2750359, -2.9707482 43.2749054, -2.9707952 43.2749426, -2.9708186 43.2749284, -2.9712127 43.2752683, -2.9709616 43.275425, -2.9709939 43.275459, -2.9706934 43.2755947, -2.9704272 43.2757149))",43.27528361750021,-2.9705968204589417
building_204,amenity_community_centre,W254514789,"POLYGON ((-2.9614983 43.2697376, -2.962262 43.2692771, -2.9623873 43.2693873, -2.9625644 43.2692804, -2.9624377 43.269169, -2.9623927 43.2691962, -2.9623399 43.269228, -2.9622284 43.2691285, -2.9614468 43.2696005, -2.9610662 43.2698297, -2.9614431 43.2701614, -2.961512 43.2701199, -2.9613825 43.270006, -2.9612888 43.2699236, -2.9615386 43.2697731, -2.9614983 43.2697376))",43.26956430038033,-2.96173829084464
building_205,amenity_place_of_worship,W264910278,"POLYGON ((-2.9363748 43.2664863, -2.9362985 43.2666918, -2.9360954 43.2666435, -2.9361786 43.2664404, -2.9363748 43.2664863))",43.26656612551373,-2.936236643711601
building_206,amenity_school,W289130979,"POLYGON ((-2.9618316 43.2833189, -2.9617693 43.2833001, -2.9609939 43.2829868, -2.9609513 43.282963, -2.9607544 43.2828342, -2.9606297 43.282735, -2.9605324 43.2826314, -2.9604678 43.2825198, -2.9614976 43.2822095, -2.9615627 43.2823221, -2.9615993 43.2823854, -2.9616498 43.2824728, -2.9619096 43.2829224, -2.9619264 43.2829515, -2.9620519 43.2831686, -2.9620516 43.2832144, -2.9620318 43.2832437, -2.9619967 43.2832805, -2.9619514 43.2833047, -2.9618942 43.2833206, -2.9618316 43.2833189))",43.28275835370616,-2.961325319808084
building_207,amenity_school,W289798436,"POLYGON ((-2.922382 43.2612638, -2.9221982 43.2612862, -2.9221872 43.2612362, -2.9220491 43.2612373, -2.9220817 43.261307, -2.9220801 43.2613196, -2.922093 43.2613406, -2.9219762 43.2613498, -2.9217345 43.2613752, -2.9217068 43.2612354, -2.9219484 43.2612099, -2.9221056 43.261131, -2.9220806 43.261011, -2.922067 43.2609205, -2.9220564 43.2608102, -2.9220952 43.2608112, -2.922121 43.2610017, -2.9221344 43.2610005, -2.9222527 43.2609994, -2.9223211 43.2609916, -2.922382 43.2612638))",43.26118152813459,-2.9220859899968175
building_208,amenity_place_of_worship,W290069948,"POLYGON ((-2.9592509 43.2788581, -2.9590262 43.2784528, -2.9591327 43.2784229, -2.9592027 43.2785497, -2.9593964 43.278493, -2.9593796 43.2784627, -2.9594443 43.2784438, -2.9595553 43.278645, -2.9595023 43.2786605, -2.9594919 43.2786416, -2.959284 43.2787024, -2.9593534 43.2788283, -2.9592509 43.2788581))",43.278611434588655,-2.959284696139327
building_209,amenity_place_of_worship,W297437908,"POLYGON ((-2.9627753 43.2630407, -2.9626705 43.2628916, -2.9626291 43.2629056, -2.9626059 43.2628674, -2.9625616 43.2628725, -2.9625182 43.2628689, -2.962494 43.2628564, -2.9624698 43.2628424, -2.9624487 43.2628145, -2.9624386 43.2627888, -2.9624426 43.2626706, -2.9624577 43.2626413, -2.96249 43.2626222, -2.9625102 43.2626185, -2.9625767 43.2626141, -2.9626321 43.262617, -2.9627279 43.2626501, -2.9627783 43.2626809, -2.9627975 43.2627125, -2.9627995 43.2627426, -2.9627914 43.2627639, -2.9627703 43.2627932, -2.9627451 43.2628079, -2.9627753 43.262852, -2.962739 43.2628667, -2.9627672 43.262896, -2.9628489 43.262863, -2.9629276 43.2629819, -2.9627753 43.2630407))",43.262797302818186,-2.962656780084932
building_210,tourism_hostel,W297437909,"POLYGON ((-2.9629816 43.2604119, -2.9629031 43.2604772, -2.9634054 43.2607969, -2.9634838 43.2607315, -2.9629816 43.2604119))",43.26060438475347,-2.9631934865762424
building_211,amenity_place_of_worship,W298482555,"POLYGON ((-2.9003804 43.2598963, -2.9000789 43.2599323, -2.9000131 43.259639, -2.9003145 43.259603, -2.9003804 43.2598963))",43.25976765777735,-2.9001967277689698
building_212,amenity_school,W298580885,"POLYGON ((-2.9038503 43.2532718, -2.9030871 43.2533328, -2.9033883 43.2527888, -2.9034686 43.2526438, -2.9037469 43.2521275, -2.9041173 43.2514586, -2.9044239 43.2509048, -2.9045533 43.2509419, -2.90506 43.2510869, -2.9038503 43.2532718))",43.252145781885545,-2.9041002912407294
building_213,amenity_place_of_worship,W300969657,"POLYGON ((-2.974169 43.2772006, -2.974228 43.2770947, -2.9742172 43.2770202, -2.9741279 43.2769301, -2.9739239 43.2770359, -2.973905 43.2770546, -2.973907 43.2770651, -2.9738929 43.2770665, -2.9739014 43.2771112, -2.9739152 43.2771095, -2.9739175 43.27712, -2.9739404 43.2771338, -2.9739613 43.2771396, -2.974169 43.2772006))",43.27707124217174,-2.9740794720992434
building_214,amenity_place_of_worship,W301583287,"POLYGON ((-2.9325404 43.2543629, -2.9326764 43.2541179, -2.9324271 43.2540446, -2.9323769 43.2540298, -2.9323037 43.2541618, -2.9324288 43.2541987, -2.932457 43.2541478, -2.9324929 43.2541584, -2.932402 43.2543222, -2.9325404 43.2543629))",43.25418140212627,-2.9324946957341824
building_215,amenity_community_centre,W301694691,"POLYGON ((-2.9578464 43.2564885, -2.9579748 43.2564378, -2.9578805 43.2563111, -2.9577793 43.2563511, -2.957854 43.2564514, -2.9578268 43.2564621, -2.9578464 43.2564885))",43.25639843254374,-2.9578756320078523
building_216,amenity_place_of_worship,W301694701,"POLYGON ((-2.9576117 43.2566374, -2.9577705 43.2565501, -2.9576194 43.2564043, -2.9574606 43.2564917, -2.9576117 43.2566374))",43.25652086676977,-2.957615550547145
building_217,amenity_school,W302250302,"POLYGON ((-2.9339923 43.2521232, -2.9340678 43.2518829, -2.9337222 43.2510699, -2.9334233 43.251189, -2.9331385 43.2512808, -2.932449 43.251407, -2.9324225 43.251438, -2.9323941 43.2514844, -2.9324012 43.2515939, -2.9324189 43.2516416, -2.9324366 43.2517099, -2.9324738 43.2517847, -2.9325605 43.2519264, -2.932833 43.2518478, -2.9328702 43.2519174, -2.9335911 43.2520544, -2.9339923 43.2521232))",43.251633315829835,-2.933294527060253
building_218,amenity_school,W302863499,"POLYGON ((-2.9425473 43.2493734, -2.9424819 43.2494858, -2.9421456 43.2493735, -2.9420756 43.2494926, -2.9415806 43.2493361, -2.9415557 43.2493074, -2.9414685 43.2492068, -2.9414265 43.2492136, -2.9413517 43.249047, -2.9414545 43.2489993, -2.9419635 43.2487577, -2.9425473 43.2493734))",43.249161518689874,-2.9419338912957236
building_219,amenity_school,W302866212,"POLYGON ((-2.9105495 43.261366, -2.9101921 43.260951, -2.9101212 43.2609824, -2.9097053 43.2604955, -2.9092 43.2609172, -2.9094526 43.2612201, -2.9094834 43.261274, -2.9095451 43.2613951, -2.9096005 43.2614916, -2.9097915 43.2617048, -2.9105495 43.261366))",43.26113539778884,-2.9098367963201803
building_220,amenity_school,W302871940,"POLYGON ((-2.9142684 43.2491672, -2.9147969 43.2483322, -2.9143172 43.2482078, -2.9143538 43.2481397, -2.9139757 43.2479561, -2.9137318 43.2481604, -2.9136759 43.2482581, -2.9134681 43.2486213, -2.9133659 43.2488, -2.9136586 43.2488859, -2.9136179 43.248957, -2.9142684 43.2491672))",43.24857120737572,-2.9140678663974113
building_221,amenity_place_of_worship,W302874410,"POLYGON ((-2.9276278 43.269115, -2.9277852 43.2692501, -2.9278172 43.2692283, -2.9278001 43.2692159, -2.927844 43.269185, -2.9278485 43.2691818, -2.9277158 43.2690778, -2.9277221 43.2690664, -2.9277162 43.2690547, -2.9280015 43.2688502, -2.9277887 43.268692, -2.9278105 43.2686754, -2.9277328 43.2686189, -2.9277119 43.268635, -2.9276527 43.268594, -2.9272812 43.2688567, -2.9276278 43.269115))",43.26887698296196,-2.9276513356413907
building_222,amenity_community_centre,W305271005,"POLYGON ((-2.9259955 43.2708293, -2.9260367 43.2707898, -2.9260655 43.2708057, -2.9261293 43.2707446, -2.9259402 43.2706401, -2.925882 43.2706959, -2.9259059 43.2707091, -2.9258591 43.2707539, -2.9259955 43.2708293))",43.270738722696414,-2.925986104858365
building_223,amenity_school,W331883965,"POLYGON ((-2.938127 43.2509869, -2.9382654 43.250541, -2.9391005 43.2506833, -2.9392026 43.2507533, -2.939204 43.2508924, -2.939118 43.2511387, -2.9394008 43.2511992, -2.9392813 43.2514561, -2.9390728 43.252094, -2.938965 43.2520908, -2.9384301 43.2519072, -2.9387318 43.2510888, -2.938127 43.2509869))",43.25126608491348,-2.9388108819696117
building_224,amenity_school,W366043792,"POLYGON ((-2.9329133 43.2745355, -2.9331984 43.2742733, -2.9335906 43.2739126, -2.9341152 43.2732637, -2.9341916 43.2731116, -2.9342629 43.272789, -2.9342527 43.2725962, -2.9334073 43.2722476, -2.9331424 43.2722995, -2.9329846 43.2724442, -2.9329311 43.2725424, -2.9328929 43.2725758, -2.9328744 43.2726022, -2.9328165 43.2726908, -2.9324753 43.2729985, -2.9321926 43.2732414, -2.9321035 43.2733415, -2.9320933 43.2734064, -2.9321417 43.2735751, -2.9321315 43.2737142, -2.9320067 43.2738217, -2.9319736 43.2739107, -2.9319845 43.2740578, -2.9328136 43.2741897, -2.9328702 43.2741987, -2.9329152 43.2742059, -2.932902 43.2744568, -2.9329133 43.2745355))",43.273305835815265,-2.933150779060532
building_225,amenity_school,W366043794,"POLYGON ((-2.9396348 43.2790741, -2.9392798 43.2791927, -2.9392602 43.2793538, -2.9396523 43.2795332, -2.9399801 43.2796189, -2.9416103 43.2797066, -2.9422485 43.2797381, -2.9432733 43.2797887, -2.9433082 43.2795935, -2.9423206 43.27925, -2.9414065 43.2788788, -2.9412885 43.2788671, -2.9409746 43.2788182, -2.940634 43.2788319, -2.9402171 43.2789356, -2.9396348 43.2790741))",43.279343628497756,-2.9411614017314194
building_226,amenity_school,W386846757,"POLYGON ((-2.909144 43.258791, -2.9109361 43.2590254, -2.9107805 43.2595762, -2.9105552 43.2599083, -2.9108288 43.2599786, -2.910684 43.260463, -2.9099008 43.2603107, -2.9097053 43.2604955, -2.9092 43.2609172, -2.9088547 43.2605958, -2.9087919 43.260638, -2.9085825 43.2607161, -2.9079833 43.2605662, -2.9080473 43.260471, -2.909144 43.258791))",43.259803308053115,-2.90955434034172
building_227,amenity_community_centre,W386847400,"POLYGON ((-2.9074172 43.2655156, -2.907265 43.2654982, -2.9072431 43.2656, -2.9070874 43.2655822, -2.9070956 43.265544, -2.906648 43.2654929, -2.9066417 43.2655225, -2.9065221 43.2655089, -2.906513 43.2655512, -2.9064612 43.2655453, -2.9064349 43.2656674, -2.9066058 43.2656869, -2.906615 43.2656441, -2.9073709 43.2657304, -2.9074172 43.2655156))",43.26560640049439,-2.906940411091095
building_228,amenity_school,W388280876,"POLYGON ((-2.9492885 43.2539893, -2.9497283 43.2536397, -2.9495835 43.2533681, -2.9499751 43.2531611, -2.9497659 43.2528504, -2.9495889 43.2527918, -2.9493555 43.2523914, -2.9488741 43.2525593, -2.9490812 43.2528939, -2.94887 43.2530849, -2.9491597 43.2535068, -2.9490041 43.2535498, -2.9491919 43.2539483, -2.9492885 43.2539893))",43.25316084419019,-2.9493565790141965
building_229,amenity_school,W389713153,"POLYGON ((-2.9487194 43.2455949, -2.9493425 43.2456043, -2.9494463 43.2458627, -2.9497384 43.245792, -2.949604 43.2454674, -2.9493157 43.2455277, -2.9493159 43.2446374, -2.9486918 43.244642, -2.9486939 43.2447377, -2.9487007 43.2450434, -2.9487078 43.2453667, -2.9487194 43.2455949))",43.245199613671275,-2.9490884363509653
building_230,amenity_school,W412907935,"POLYGON ((-2.8984602 43.2568484, -2.8988896 43.2563552, -2.8990251 43.2561917, -2.8989354 43.2561288, -2.899188 43.2558428, -2.8993174 43.2559104, -2.8993523 43.2558322, -2.8996447 43.2559299, -2.8991967 43.256514, -2.8992678 43.2565349, -2.8990934 43.2569588, -2.8990076 43.2570721, -2.8984602 43.2568484))",43.25645432758394,-2.8990564410893485
building_231,amenity_school,W419249921,"POLYGON ((-2.9147969 43.2483322, -2.9152262 43.2484315, -2.9153192 43.24815, -2.9153329 43.2481086, -2.9146814 43.247819, -2.9143251 43.2476727, -2.9143607 43.2474397, -2.9134431 43.2472682, -2.9133971 43.247361, -2.9133144 43.247528, -2.9133089 43.2475564, -2.9132768 43.2477234, -2.9132607 43.2479793, -2.913267 43.248218, -2.9134681 43.2486213, -2.9136759 43.2482581, -2.9137318 43.2481604, -2.9139757 43.2479561, -2.9143538 43.2481397, -2.9143172 43.2482078, -2.9147969 43.2483322))",43.247898820477886,-2.9140790959457936
building_232,amenity_school,W421480310,"POLYGON ((-2.9147122 43.2723317, -2.9152754 43.2718279, -2.9148731 43.2715779, -2.9149804 43.2714881, -2.9148677 43.2714451, -2.9149697 43.2713631, -2.9148892 43.2712693, -2.9144869 43.2710545, -2.9143453 43.2711841, -2.913709 43.271781, -2.9147122 43.2723317))",43.271711224908586,-2.914520389183935
building_233,amenity_school,W421657146,"POLYGON ((-2.9220324 43.255031, -2.9220191 43.2550396, -2.9217925 43.2551857, -2.9217017 43.2552443, -2.9214292 43.2551099, -2.921324 43.2551928, -2.9210945 43.2550343, -2.9210951 43.254946, -2.9212993 43.2548822, -2.921005 43.2544654, -2.9213058 43.254328, -2.9220324 43.255031))",43.254832364210294,-2.921474753973205
building_234,amenity_community_centre,W462350867,"POLYGON ((-2.9218583 43.2595931, -2.9220431 43.25957, -2.9220543 43.2596161, -2.9218717 43.2596342, -2.9218583 43.2595931))",43.259603099365414,-2.921958448215474
building_235,amenity_school,W476184022,"POLYGON ((-2.9148421 43.2669642, -2.9148723 43.2664641, -2.9148861 43.2663097, -2.9151078 43.2664817, -2.9154907 43.2661924, -2.9155937 43.2661893, -2.9156523 43.2661833, -2.9156815 43.2661763, -2.9157207 43.2661669, -2.915762 43.2661527, -2.9158035 43.2661267, -2.9159439 43.2660249, -2.9161121 43.2659028, -2.9162326 43.2659799, -2.9162169 43.2660036, -2.9162627 43.2660215, -2.9163066 43.2660386, -2.9163133 43.26603, -2.9163303 43.2660389, -2.9163401 43.2660477, -2.9163461 43.2660548, -2.9163824 43.2662483, -2.9163915 43.2662916, -2.9163914 43.2663357, -2.9163762 43.266369, -2.9163552 43.2664147, -2.9163499 43.2664263, -2.9163444 43.2664383, -2.9163235 43.266477, -2.9162202 43.2666685, -2.9161631 43.2667908, -2.9161354 43.2668442, -2.9161285 43.2668512, -2.9160876 43.2668931, -2.9160069 43.2669431, -2.9159125 43.2669983, -2.9157539 43.2670938, -2.9157342 43.2671058, -2.9157266 43.2671105, -2.9157187 43.2671154, -2.9156444 43.2671609, -2.9155698 43.2671918, -2.9155136 43.2672073, -2.9154533 43.2672226, -2.9152424 43.267355, -2.9148421 43.2669642))",43.26663423116968,-2.9156067047203797
building_236,amenity_school,W476184325,"POLYGON ((-2.9577657 43.2843667, -2.9577801 43.2845715, -2.9581414 43.2851356, -2.9576693 43.2852918, -2.9576425 43.2852918, -2.9575915 43.2852703, -2.9575313 43.2853054, -2.9568699 43.2850407, -2.9566252 43.2849359, -2.9564697 43.2848507, -2.9563093 43.284685, -2.9561645 43.2846596, -2.9561269 43.2845405, -2.9561028 43.284396, -2.9560947 43.2843359, -2.9561457 43.2842285, -2.9562717 43.2840001, -2.9564233 43.2838097, -2.9563193 43.2837659, -2.9563668 43.2836873, -2.9563991 43.2833817, -2.9566628 43.2832066, -2.9568524 43.283388, -2.9571368 43.2837453, -2.9577657 43.2843667))",43.2843974976645,-2.957012779231914
building_237,amenity_place_of_worship,W518582008,"POLYGON ((-2.9361573 43.265018, -2.9361068 43.2650213, -2.9361102 43.2650504, -2.93608 43.2650801, -2.9360298 43.2650819, -2.935991 43.265061, -2.9359861 43.2650305, -2.935937 43.2650354, -2.9359339 43.2650255, -2.9358828 43.2650282, -2.9358882 43.2650154, -2.9358657 43.2650107, -2.9358718 43.2649885, -2.9358338 43.2649808, -2.9358058 43.2649509, -2.9359174 43.2646796, -2.9359273 43.2646681, -2.9359342 43.2646667, -2.9359328 43.2646555, -2.9359445 43.2646538, -2.9359439 43.2646509, -2.9359522 43.2646496, -2.9359467 43.2646214, -2.9360241 43.2646156, -2.9360275 43.264644, -2.9360366 43.264643, -2.9360372 43.2646484, -2.9360497 43.2646478, -2.9360503 43.2646571, -2.93607 43.2646671, -2.9361345 43.2647543, -2.9362583 43.2649198, -2.9362426 43.2649486, -2.9362076 43.2649625, -2.9362086 43.2649685, -2.9361499 43.2649737, -2.9361573 43.265018))",43.264866593301456,-2.936019668916314
building_238,amenity_place_of_worship,W521860095,"POLYGON ((-2.9483101 43.2592852, -2.9482907 43.2593328, -2.9479795 43.2592641, -2.9480908 43.2589943, -2.9481961 43.2590167, -2.948325 43.2587017, -2.948363 43.2587089, -2.9483659 43.2587045, -2.9485414 43.258743, -2.9485395 43.2587483, -2.9485755 43.2587543, -2.9483712 43.2592506, -2.948327 43.2592421, -2.9483101 43.2592852))",43.25903349804755,-2.9482902674061107
building_239,amenity_place_of_worship,W891085786,"POLYGON ((-2.9489791 43.2432024, -2.9489933 43.2432015, -2.9491276 43.2431704, -2.9490217 43.2429337, -2.9489023 43.2429366, -2.9488801 43.2431497, -2.9489799 43.2431592, -2.9489791 43.2432024))",43.24306962047523,-2.9489897404357173
building_240,amenity_place_of_worship,W921796689,"POLYGON ((-2.9262341 43.2696526, -2.9261263 43.2696079, -2.9261159 43.269621, -2.9260826 43.2696654, -2.9260123 43.2696371, -2.9259914 43.2696288, -2.9259063 43.2697402, -2.9259314 43.2697497, -2.9260502 43.2697943, -2.9260021 43.2698611, -2.9261798 43.2699482, -2.9262527 43.2698687, -2.9262455 43.2698648, -2.9263631 43.269708, -2.9262341 43.2696526))",43.26976245924279,-2.926139445224046
building_241,tourism_hostel,R6809489,"POLYGON ((-2.9099842 43.2466843, -2.9099808 43.2467888, -2.9096337 43.2467773, -2.9096414 43.2466846, -2.9096836 43.2466838, -2.9096849 43.2466513, -2.9097731 43.2466553, -2.909758 43.2466147, -2.909807 43.246608, -2.9097865 43.2465497, -2.9099625 43.2465095, -2.9101296 43.2464747, -2.9101554 43.246471, -2.9101631 43.246688, -2.9099842 43.2466843))",43.246643762497214,-2.90992181556658
building_242,amenity_place_of_worship,R7560683,"POLYGON ((-2.9235525 43.2575525, -2.9235515 43.2575108, -2.9235512 43.2574999, -2.9235804 43.2572936, -2.923497 43.2572842, -2.9233791 43.2572051, -2.9233623 43.2571842, -2.9233499 43.2571642, -2.9233438 43.257141, -2.9233444 43.2571165, -2.9233703 43.2570646, -2.923451 43.2569918, -2.9234741 43.2569846, -2.9235782 43.2568566, -2.9236912 43.2568611, -2.9238366 43.2569242, -2.9238983 43.2569607, -2.9239481 43.2569941, -2.9240504 43.2570713, -2.9240441 43.2571295, -2.9240653 43.2571325, -2.9240616 43.2571488, -2.9240477 43.2571476, -2.9240269 43.2571586, -2.9240195 43.2572123, -2.9240329 43.2572258, -2.9240436 43.2572269, -2.9240427 43.2572438, -2.9240283 43.2572438, -2.9240269 43.2572521, -2.9240341 43.2572573, -2.9240299 43.2572703, -2.9240251 43.25727, -2.9240202 43.2573016, -2.9240248 43.2573038, -2.9240232 43.2573176, -2.9240077 43.2573256, -2.9239701 43.2575304, -2.9238465 43.2575436, -2.9235561 43.2575579, -2.9235525 43.2575525), (-2.9238306 43.2573415, -2.9236679 43.2573268, -2.9236468 43.2574508, -2.9238095 43.2574655, -2.9238306 43.2573415))",43.25719378146312,-2.923726218031054
building_243,amenity_place_of_worship,R11227990,"POLYGON ((-2.9474776 43.2559782, -2.9473697 43.2559266, -2.9473411 43.2559583, -2.9473382 43.2559616, -2.9469936 43.2557968, -2.9469995 43.2557903, -2.9472361 43.2555278, -2.947578 43.2556912, -2.9476397 43.2556227, -2.9477503 43.2556756, -2.9474776 43.2559782), (-2.9474243 43.255721, -2.9472658 43.2556438, -2.9471801 43.2557372, -2.9473386 43.2558144, -2.9474243 43.255721))",43.25576330060649,-2.947366226912851
